Workbook

Sheet TTC Ridership Forecasting  ANS 
A1: TTC Annual Ridership — Forecasting Models (4-yr MA, 4-yr WMA, Exponential Smoothing)
A2: Rule: All final results rounded to 3 decimal places. Rounded values are reused in subsequent calculations.
A3: α (alpha) = | B3: 0.29 | C3: Weights (most→least recent): | D3: 5 | E3: 4 | F3: 2 | G3: 1 | H3: ← W1, W2, W3, W4 (sum = 12)
A5: Year | B5: Revenue (millions) | C5: 4-yr MA Forecast | D5: MA |Error| | E5: 4-yr WMA Forecast | F5: WMA |Error| | G5: ES Forecast (α=0.29) | H5: ES |Error|
A6: 2014 | B6: 533.7 | C6: — | D6: — | E6: — | F6: — | G6: — | H6: —
A7: 2015 | B7: 520.5 | C7: — | D7: — | E7: — | F7: — | G7: =ROUND(B6,3) -> 533.7 | H7: =ABS(B7-G7) -> 13.2
A8: 2016 | B8: 528.9 | C8: — | D8: — | E8: — | F8: — | G8: =ROUND($B$3*B7+(1-$B$3)*G7,3) -> 529.872 | H8: =ABS(B8-G8) -> 0.972
A9: 2017 | B9: 524 | C9: — | D9: — | E9: — | F9: — | G9: =ROUND($B$3*B8+(1-$B$3)*G8,3) -> 529.59 | H9: =ABS(B9-G9) -> 5.59
A10: 2018 | B10: 537.7 | C10: =ROUND(AVERAGE(B6:B9),3) -> 526.775 | D10: =ABS(B10-C10) -> 10.925 | E10: =ROUND(($D$3*B9+$E$3*B8+$F$3*B7+$G$3*B6)/SUM($D$3:$G$3),3) -> 525.858 | F10: =ABS(B10-E10) -> 11.842 | G10: =ROUND($B$3*B9+(1-$B$3)*G9,3) -> 527.969 | H10: =ABS(B10-G10) -> 9.731
A11: 2019 | B11: 533.5 | C11: =ROUND(AVERAGE(B7:B10),3) -> 527.775 | D11: =ABS(B11-C11) -> 5.725 | E11: =ROUND(($D$3*B10+$E$3*B9+$F$3*B8+$G$3*B7)/SUM($D$3:$G$3),3) -> 530.233 | F11: =ABS(B11-E11) -> 3.267 | G11: =ROUND($B$3*B10+(1-$B$3)*G10,3) -> 530.791 | H11: =ABS(B11-G11) -> 2.709
A12: 2020 | B12: 322.9 | C12: =ROUND(AVERAGE(B8:B11),3) -> 531.025 | D12: =ABS(B12-C12) -> 208.125 | E12: =ROUND(($D$3*B11+$E$3*B10+$F$3*B9+$G$3*B8)/SUM($D$3:$G$3),3) -> 532.933 | F12: =ABS(B12-E12) -> 210.033 | G12: =ROUND($B$3*B11+(1-$B$3)*G11,3) -> 531.577 | H12: =ABS(B12-G12) -> 208.677
A13: 2021 | B13: ← Forecast | C13: =ROUND(AVERAGE(B9:B12),3) -> 479.525 | D13: — | E13: =ROUND(($D$3*B12+$E$3*B11+$F$3*B10+$G$3*B9)/SUM($D$3:$G$3),3) -> 445.658 | F13: — | G13: =ROUND($B$3*B12+(1-$B$3)*G12,3) -> 471.061 | H13: —
A15: Mean Absolute Deviation (MAD) — Calculated over years with forecasts available (2018–2020, n=3)
A16: NOTE: MAD errors are NOT rounded during intermediate steps — only the final MAD is rounded to 3dp
A17: 4-yr Moving Average MAD | C17: =ROUND(AVERAGE(D10:D12),3) -> 74.925 | E17: ← Final MAD (rounded to 3dp)
A18: 4-yr Weighted MA MAD | C18: =ROUND(AVERAGE(F10:F12),3) -> 75.047 | E18: ← Final MAD (rounded to 3dp)
A19: Exponential Smoothing MAD | C19: =ROUND(AVERAGE(H10:H12),3) -> 73.706 | E19: ← Final MAD (rounded to 3dp)
A21: Best Method (lowest MAD): | C21: =IF(AND(C17<=C18,C17<=C19),"4-yr Moving Average",IF(AND(C18<=C17,C18<=C19),"4-yr Weighted MA","Exponential Smoothing (α=0.29)")) -> Exponential Smoothing (α=0.29)

Sheet Regression Model
A1: Sal's Sandwiches — Linear Regression Model (Trend + Seasonality)
A2: Model: ŷ = b₀ + b₁·X₁ + b₂·X₂ + b₃·X₃ + b₄·X₄ | X₁=time, X₂=S1(10:30-11:30), X₃=S2(11:30-12:30), X₄=S3(12:30-1:30) [Base=S4: 1:30-2:30]
A4: Regression Coefficients (Rounded to 1 decimal)
A5: b₀ (Intercept) | B5: 1.5 | C5: ← Base intercept (when all dummies=0, t=0)
A6: b₁ (Trend X₁) | B6: 0.5 | C6: ← Customer increase per time period
A7: b₂ (Season 1, X₂) | B7: 14.4 | C7: ← Lift vs base for 10:30–11:30am
A8: b₃ (Season 2, X₃) | B8: 52.6 | C8: ← Lift vs base for 11:30am–12:30pm
A9: b₄ (Season 3, X₄) | B9: 36.7 | C9: ← Lift vs base for 12:30–1:30pm
A11: Equation: ŷ = 1.5 + 0.5·X₁ + 14.4·X₂ + 52.6·X₃ + 36.7·X₄
A13: Week 1 Forecasts & MAPE
A14: t | B14: Day | C14: Time Period | D14: Actual | E14: X₂ (S1) | F14: X₃ (S2) | G14: X₄ (S3) | H14: Forecast ŷ | I14: |Actual - ŷ| | J14: |% Error|
A15: 1 | B15: Monday | C15: 10:30am-11:30am | D15: 14 | E15: 1 | F15: 0 | G15: 0 | H15: =ROUND($B$5 + $B$6*A15 + $B$7*E15 + $B$8*F15 + $B$9*G15, 1) -> 16.4 | I15: =ABS(D15-H15) -> 2.4 | J15: =ABS(D15-($B$5+$B$6*A15+$B$7*E15+$B$8*F15+$B$9*G15))/D15 -> 0.17142857
A16: 2 | B16: Monday | C16: 11:30am-12:30pm | D16: 69 | E16: 0 | F16: 1 | G16: 0 | H16: =ROUND($B$5 + $B$6*A16 + $B$7*E16 + $B$8*F16 + $B$9*G16, 1) -> 55.1 | I16: =ABS(D16-H16) -> 13.9 | J16: =ABS(D16-($B$5+$B$6*A16+$B$7*E16+$B$8*F16+$B$9*G16))/D16 -> 0.20144928
A17: 3 | B17: Monday | C17: 12:30pm-1:30pm | D17: 35 | E17: 0 | F17: 0 | G17: 1 | H17: =ROUND($B$5 + $B$6*A17 + $B$7*E17 + $B$8*F17 + $B$9*G17, 1) -> 39.7 | I17: =ABS(D17-H17) -> 4.7 | J17: =ABS(D17-($B$5+$B$6*A17+$B$7*E17+$B$8*F17+$B$9*G17))/D17 -> 0.13428571
A18: 4 | B18: Monday | C18: 1:30pm-2:30pm | D18: 6 | E18: 0 | F18: 0 | G18: 0 | H18: =ROUND($B$5 + $B$6*A18 + $B$7*E18 + $B$8*F18 + $B$9*G18, 1) -> 3.5 | I18: =ABS(D18-H18) -> 2.5 | J18: =ABS(D18-($B$5+$B$6*A18+$B$7*E18+$B$8*F18+$B$9*G18))/D18 -> 0.41666667
A19: 5 | B19: Tuesday | C19: 10:30am-11:30am | D19: 14 | E19: 1 | F19: 0 | G19: 0 | H19: =ROUND($B$5 + $B$6*A19 + $B$7*E19 + $B$8*F19 + $B$9*G19, 1) -> 18.4 | I19: =ABS(D19-H19) -> 4.4 | J19: =ABS(D19-($B$5+$B$6*A19+$B$7*E19+$B$8*F19+$B$9*G19))/D19 -> 0.31428571
A20: 6 | B20: Tuesday | C20: 11:30am-12:30pm | D20: 49 | E20: 0 | F20: 1 | G20: 0 | H20: =ROUND($B$5 + $B$6*A20 + $B$7*E20 + $B$8*F20 + $B$9*G20, 1) -> 57.1 | I20: =ABS(D20-H20) -> 8.1 | J20: =ABS(D20-($B$5+$B$6*A20+$B$7*E20+$B$8*F20+$B$9*G20))/D20 -> 0.16530612
A21: 7 | B21: Tuesday | C21: 12:30pm-1:30pm | D21: 38 | E21: 0 | F21: 0 | G21: 1 | H21: =ROUND($B$5 + $B$6*A21 + $B$7*E21 + $B$8*F21 + $B$9*G21, 1) -> 41.7 | I21: =ABS(D21-H21) -> 3.7 | J21: =ABS(D21-($B$5+$B$6*A21+$B$7*E21+$B$8*F21+$B$9*G21))/D21 -> 0.097368421
A22: 8 | B22: Tuesday | C22: 1:30pm-2:30pm | D22: 5 | E22: 0 | F22: 0 | G22: 0 | H22: =ROUND($B$5 + $B$6*A22 + $B$7*E22 + $B$8*F22 + $B$9*G22, 1) -> 5.5 | I22: =ABS(D22-H22) -> 0.5 | J22: =ABS(D22-($B$5+$B$6*A22+$B$7*E22+$B$8*F22+$B$9*G22))/D22 -> 0.1
A23: 9 | B23: Wednesday | C23: 10:30am-11:30am | D23: 22 | E23: 1 | F23: 0 | G23: 0 | H23: =ROUND($B$5 + $B$6*A23 + $B$7*E23 + $B$8*F23 + $B$9*G23, 1) -> 20.4 | I23: =ABS(D23-H23) -> 1.6 | J23: =ABS(D23-($B$5+$B$6*A23+$B$7*E23+$B$8*F23+$B$9*G23))/D23 -> 0.072727273
A24: 10 | B24: Wednesday | C24: 11:30am-12:30pm | D24: 65 | E24: 0 | F24: 1 | G24: 0 | H24: =ROUND($B$5 + $B$6*A24 + $B$7*E24 + $B$8*F24 + $B$9*G24, 1) -> 59.1 | I24: =ABS(D24-H24) -> 5.9 | J24: =ABS(D24-($B$5+$B$6*A24+$B$7*E24+$B$8*F24+$B$9*G24))/D24 -> 0.090769231
A25: 11 | B25: Wednesday | C25: 12:30pm-1:30pm | D25: 35 | E25: 0 | F25: 0 | G25: 1 | H25: =ROUND($B$5 + $B$6*A25 + $B$7*E25 + $B$8*F25 + $B$9*G25, 1) -> 43.7 | I25: =ABS(D25-H25) -> 8.7 | J25: =ABS(D25-($B$5+$B$6*A25+$B$7*E25+$B$8*F25+$B$9*G25))/D25 -> 0.24857143
A26: 12 | B26: Wednesday | C26: 1:30pm-2:30pm | D26: 7 | E26: 0 | F26: 0 | G26: 0 | H26: =ROUND($B$5 + $B$6*A26 + $B$7*E26 + $B$8*F26 + $B$9*G26, 1) -> 7.5 | I26: =ABS(D26-H26) -> 0.5 | J26: =ABS(D26-($B$5+$B$6*A26+$B$7*E26+$B$8*F26+$B$9*G26))/D26 -> 0.071428571
... A34: 20 | B34: Friday | C34: 1:30pm-2:30pm | D34: 9 | E34: 0 | F34: 0 | G34: 0 | H34: =ROUND($B$5 + $B$6*A34 + $B$7*E34 + $B$8*F34 + $B$9*G34, 1) -> 11.5 | I34: =ABS(D34-H34) -> 2.5 | J34: =ABS(D34-($B$5+$B$6*A34+$B$7*E34+$B$8*F34+$B$9*G34))/D34 -> 0.27777778
A35: MAPE | H35: =ROUND(AVERAGE(J15:J34)*100,2) -> 15.56 | I35: %
A37: Wednesday — Week 2 Forecasts (t = 29 to 32)
A38: t | B38: Day | C38: Time Period | D38: X₂ | E38: X₃ | F38: X₄ | G38: Forecast ŷ
A39: 29 | B39: Wednesday | C39: 10:30am-11:30am | D39: 1 | E39: 0 | F39: 0 | G39: =ROUND($B$5+$B$6*A39+$B$7*D39+$B$8*E39+$B$9*F39,1) -> 30.4
A40: 30 | B40: Wednesday | C40: 11:30am-12:30pm | D40: 0 | E40: 1 | F40: 0 | G40: =ROUND($B$5+$B$6*A40+$B$7*D40+$B$8*E40+$B$9*F40,1) -> 69.1
A41: 31 | B41: Wednesday | C41: 12:30pm-1:30pm | D41: 0 | E41: 0 | F41: 1 | G41: =ROUND($B$5+$B$6*A41+$B$7*D41+$B$8*E41+$B$9*F41,1) -> 53.7
A42: 32 | B42: Wednesday | C42: 1:30pm-2:30pm | D42: 0 | E42: 0 | F42: 0 | G42: =ROUND($B$5+$B$6*A42+$B$7*D42+$B$8*E42+$B$9*F42,1) -> 17.5

Sheet Decomposition Mode l SAL ANS 2
A1: Sal's Sandwiches — Decomposition Model (Seasonal Indices + Linear Trend)
A3: Step 1 — Centered Moving Averages (CMA)
A4: t | B4: Day | C4: Time Period | D4: Actual (y) | E4: 4-pt MA (before) | F4: 4-pt MA (after) | G4: CMA | H4: Seasonal Ratio (y/CMA)
A5: 1 | B5: Monday | C5: 10:30am-11:30am | D5: 14 | E5: N/A | F5: N/A | G5: N/A | H5: N/A
A6: 2 | B6: Monday | C6: 11:30am-12:30pm | D6: 69 | E6: N/A | F6: N/A | G6: N/A | H6: N/A
A7: 3 | B7: Monday | C7: 12:30pm-1:30pm | D7: 35 | E7: =AVERAGE(D5:D8) -> 31 | F7: =AVERAGE(D6:D9) -> 31 | G7: =ROUND(AVERAGE(E7,F7),1) -> 31 | H7: =D7/G7 -> 1.1290323
A8: 4 | B8: Monday | C8: 1:30pm-2:30pm | D8: 6 | E8: =AVERAGE(D6:D9) -> 31 | F8: =AVERAGE(D7:D10) -> 26 | G8: =ROUND(AVERAGE(E8,F8),1) -> 28.5 | H8: =D8/G8 -> 0.21052632
A9: 5 | B9: Tuesday | C9: 10:30am-11:30am | D9: 14 | E9: =AVERAGE(D7:D10) -> 26 | F9: =AVERAGE(D8:D11) -> 26.75 | G9: =ROUND(AVERAGE(E9,F9),1) -> 26.4 | H9: =D9/G9 -> 0.53030303
A10: 6 | B10: Tuesday | C10: 11:30am-12:30pm | D10: 49 | E10: =AVERAGE(D8:D11) -> 26.75 | F10: =AVERAGE(D9:D12) -> 26.5 | G10: =ROUND(AVERAGE(E10,F10),1) -> 26.6 | H10: =D10/G10 -> 1.8421053
A11: 7 | B11: Tuesday | C11: 12:30pm-1:30pm | D11: 38 | E11: =AVERAGE(D9:D12) -> 26.5 | F11: =AVERAGE(D10:D13) -> 28.5 | G11: =ROUND(AVERAGE(E11,F11),1) -> 27.5 | H11: =D11/G11 -> 1.3818182
A12: 8 | B12: Tuesday | C12: 1:30pm-2:30pm | D12: 5 | E12: =AVERAGE(D10:D13) -> 28.5 | F12: =AVERAGE(D11:D14) -> 32.5 | G12: =ROUND(AVERAGE(E12,F12),1) -> 30.5 | H12: =D12/G12 -> 0.16393443
A13: 9 | B13: Wednesday | C13: 10:30am-11:30am | D13: 22 | E13: =AVERAGE(D11:D14) -> 32.5 | F13: =AVERAGE(D12:D15) -> 31.75 | G13: =ROUND(AVERAGE(E13,F13),1) -> 32.1 | H13: =D13/G13 -> 0.68535826
A14: 10 | B14: Wednesday | C14: 11:30am-12:30pm | D14: 65 | E14: =AVERAGE(D12:D15) -> 31.75 | F14: =AVERAGE(D13:D16) -> 32.25 | G14: =ROUND(AVERAGE(E14,F14),1) -> 32 | H14: =D14/G14 -> 2.03125
A15: 11 | B15: Wednesday | C15: 12:30pm-1:30pm | D15: 35 | E15: =AVERAGE(D13:D16) -> 32.25 | F15: =AVERAGE(D14:D17) -> 33.5 | G15: =ROUND(AVERAGE(E15,F15),1) -> 32.9 | H15: =D15/G15 -> 1.0638298
A16: 12 | B16: Wednesday | C16: 1:30pm-2:30pm | D16: 7 | E16: =AVERAGE(D14:D17) -> 33.5 | F16: =AVERAGE(D15:D18) -> 30 | G16: =ROUND(AVERAGE(E16,F16),1) -> 31.8 | H16: =D16/G16 -> 0.22012579
A17: 13 | B17: Thursday | C17: 10:30am-11:30am | D17: 27 | E17: =AVERAGE(D15:D18) -> 30 | F17: =AVERAGE(D16:D19) -> 36.5 | G17: =ROUND(AVERAGE(E17,F17),1) -> 33.3 | H17: =D17/G17 -> 0.81081081
A18: 14 | B18: Thursday | C18: 11:30am-12:30pm | D18: 51 | E18: =AVERAGE(D16:D19) -> 36.5 | F18: =AVERAGE(D17:D20) -> 37 | G18: =ROUND(AVERAGE(E18,F18),1) -> 36.8 | H18: =D18/G18 -> 1.3858696
... A22: 18 | B22: Friday | C22: 11:30am-12:30pm | D22: 60 | E22: =AVERAGE(D20:D23) -> 35.25 | F22: =AVERAGE(D21:D24) -> 35.25 | G22: =ROUND(AVERAGE(E22,F22),1) -> 35.3 | H22: =D22/G22 -> 1.6997167
A23: 19 | B23: Friday | C23: 12:30pm-1:30pm | D23: 48 | E23: N/A | F23: N/A | G23: N/A | H23: N/A
A24: 20 | B24: Friday | C24: 1:30pm-2:30pm | D24: 9 | E24: N/A | F24: N/A | G24: N/A | H24: N/A
A27: Step 2 — Seasonal Indices
A28: Method: Average seasonal ratios per season, then normalize so sum = 4
A29: Season | B29: Time Period | C29: Ratio 1 (t=3/4 or 5/6...) | D29: Ratio 2 | E29: Ratio 3 | F29: Average Ratio | G29: Avg Ratio (unrounded) | H29: Seasonal Index (rounded to 4dp)
A30: 1 | B30: 10:30–11:30am | C30: =H9 -> 0.53030303 | D30: =H13 -> 0.68535826 | E30: =H17 -> 0.81081081 | F30: =H21 -> 0.6504065 | G30: =AVERAGE(C30:F30) -> 0.66921965 | H30: =G30*4/SUM(G30:G33) -> 0.68146926
A31: 2 | B31: 11:30am–12:30pm | C31: =H10 -> 1.8421053 | D31: =H14 -> 2.03125 | E31: =H18 -> 1.3858696 | F31: =H22 -> 1.6997167 | G31: =AVERAGE(C31:F31) -> 1.7397354 | H31: =G31*4/SUM(G30:G33) -> 1.7715801
A32: 3 | B32: 12:30–1:30pm | C32: =H7 -> 1.1290323 | D32: =H11 -> 1.3818182 | E32: =H15 -> 1.0638298 | F32: =H19 -> 1.6666667 | G32: =AVERAGE(C32:F32) -> 1.3103367 | H32: =G32*4/SUM(G30:G33) -> 1.3343215
A33: 4 | B33: 1:30–2:30pm | C33: =H8 -> 0.21052632 | D33: =H12 -> 0.16393443 | E33: =H16 -> 0.22012579 | F33: =H20 -> 0.24064171 | G33: =AVERAGE(C33:F33) -> 0.20880706 | H33: =G33*4/SUM(G30:G33) -> 0.21262913
A35: Step 3 — Deseasonalized Values (y / SI)
A36: t | B36: Day | C36: Time Period | D36: Actual (y) | E36: Season | F36: SI Used | G36: Deseasonalized (y/SI)
A37: 1 | B37: Monday | C37: 10:30am-11:30am | D37: 14 | E37: S1 | F37: =$H$30 -> 0.68146926 | G37: =ROUND(D37/F37,1) -> 20.5
A38: 2 | B38: Monday | C38: 11:30am-12:30pm | D38: 69 | E38: S2 | F38: =$H$31 -> 1.7715801 | G38: =ROUND(D38/F38,1) -> 38.9
A39: 3 | B39: Monday | C39: 12:30pm-1:30pm | D39: 35 | E39: S3 | F39: =$H$32 -> 1.3343215 | G39: =ROUND(D39/F39,1) -> 26.2
A40: 4 | B40: Monday | C40: 1:30pm-2:30pm | D40: 6 | E40: S4 | F40: =$H$33 -> 0.21262913 | G40: =ROUND(D40/F40,1) -> 28.2
A41: 5 | B41: Tuesday | C41: 10:30am-11:30am | D41: 14 | E41: S1 | F41: =$H$30 -> 0.68146926 | G41: =ROUND(D41/F41,1) -> 20.5
A42: 6 | B42: Tuesday | C42: 11:30am-12:30pm | D42: 49 | E42: S2 | F42: =$H$31 -> 1.7715801 | G42: =ROUND(D42/F42,1) -> 27.7
A43: 7 | B43: Tuesday | C43: 12:30pm-1:30pm | D43: 38 | E43: S3 | F43: =$H$32 -> 1.3343215 | G43: =ROUND(D43/F43,1) -> 28.5
A44: 8 | B44: Tuesday | C44: 1:30pm-2:30pm | D44: 5 | E44: S4 | F44: =$H$33 -> 0.21262913 | G44: =ROUND(D44/F44,1) -> 23.5
A45: 9 | B45: Wednesday | C45: 10:30am-11:30am | D45: 22 | E45: S1 | F45: =$H$30 -> 0.68146926 | G45: =ROUND(D45/F45,1) -> 32.3
A46: 10 | B46: Wednesday | C46: 11:30am-12:30pm | D46: 65 | E46: S2 | F46: =$H$31 -> 1.7715801 | G46: =ROUND(D46/F46,1) -> 36.7
A47: 11 | B47: Wednesday | C47: 12:30pm-1:30pm | D47: 35 | E47: S3 | F47: =$H$32 -> 1.3343215 | G47: =ROUND(D47/F47,1) -> 26.2
A48: 12 | B48: Wednesday | C48: 1:30pm-2:30pm | D48: 7 | E48: S4 | F48: =$H$33 -> 0.21262913 | G48: =ROUND(D48/F48,1) -> 32.9
A49: 13 | B49: Thursday | C49: 10:30am-11:30am | D49: 27 | E49: S1 | F49: =$H$30 -> 0.68146926 | G49: =ROUND(D49/F49,1) -> 39.6
A50: 14 | B50: Thursday | C50: 11:30am-12:30pm | D50: 51 | E50: S2 | F50: =$H$31 -> 1.7715801 | G50: =ROUND(D50/F50,1) -> 28.8
A51: 15 | B51: Thursday | C51: 12:30pm-1:30pm | D51: 61 | E51: S3 | F51: =$H$32 -> 1.3343215 | G51: =ROUND(D51/F51,1) -> 45.7
A52: 16 | B52: Thursday | C52: 1:30pm-2:30pm | D52: 9 | E52: S4 | F52: =$H$33 -> 0.21262913 | G52: =ROUND(D52/F52,1) -> 42.3
A53: 17 | B53: Friday | C53: 10:30am-11:30am | D53: 24 | E53: S1 | F53: =$H$30 -> 0.68146926 | G53: =ROUND(D53/F53,1) -> 35.2
A54: 18 | B54: Friday | C54: 11:30am-12:30pm | D54: 60 | E54: S2 | F54: =$H$31 -> 1.7715801 | G54: =ROUND(D54/F54,1) -> 33.9
A55: 19 | B55: Friday | C55: 12:30pm-1:30pm | D55: 48 | E55: S3 | F55: =$H$32 -> 1.3343215 | G55: =ROUND(D55/F55,1) -> 36
A56: 20 | B56: Friday | C56: 1:30pm-2:30pm | D56: 9 | E56: S4 | F56: =$H$33 -> 0.21262913 | G56: =ROUND(D56/F56,1) -> 42.3
A58: Step 4 — Linear Trend on Deseasonalized Values
A59: Coefficient | B59: Formula | C59: Value (rounded to 1dp)
A60: Intercept (b₀) | B60: ROUND(INTERCEPT(deseason_y, t), 1) | C60: =ROUND(INTERCEPT(G37:G56,A37:A56),1) -> 24
A61: Slope (b₁) | B61: ROUND(SLOPE(deseason_y, t), 1) | C61: =ROUND(SLOPE(G37:G56,A37:A56),1) -> 0.8
A62: Trend Equation: T(t) = Intercept + Slope·t
A64: Step 5 — Decomposition Forecasts (Week 1) & MAPE
A65: t | B65: Day | C65: Time Period | D65: Actual | E65: Season | F65: SI | G65: Trend T(t) | H65: Forecast (T·SI) | I65: |Actual-F| | J65: |% Error|
A66: 1 | B66: Monday | C66: 10:30am-11:30am | D66: 14 | E66: S1 | F66: =$H$30 -> 0.68146926 | G66: =$C$60+$C$61*A66 -> 24.8 | H66: =ROUND(G66*F66,1) -> 16.9 | I66: =ABS(D66-H66) -> 2.9 | J66: =ABS(D66-($C$60+$C$61*A66)*$H$30)/D66 -> 0.20717412
A67: 2 | B67: Monday | C67: 11:30am-12:30pm | D67: 69 | E67: S2 | F67: =$H$31 -> 1.7715801 | G67: =$C$60+$C$61*A67 -> 25.6 | H67: =ROUND(G67*F67,1) -> 45.4 | I67: =ABS(D67-H67) -> 23.6 | J67: =ABS(D67-($C$60+$C$61*A67)*$H$31)/D67 -> 0.34271812
A68: 3 | B68: Monday | C68: 12:30pm-1:30pm | D68: 35 | E68: S3 | F68: =$H$32 -> 1.3343215 | G68: =$C$60+$C$61*A68 -> 26.4 | H68: =ROUND(G68*F68,1) -> 35.2 | I68: =ABS(D68-H68) -> 0.2 | J68: =ABS(D68-($C$60+$C$61*A68)*$H$32)/D68 -> 0.0064596813
A69: 4 | B69: Monday | C69: 1:30pm-2:30pm | D69: 6 | E69: S4 | F69: =$H$33 -> 0.21262913 | G69: =$C$60+$C$61*A69 -> 27.2 | H69: =ROUND(G69*F69,1) -> 5.8 | I69: =ABS(D69-H69) -> 0.2 | J69: =ABS(D69-($C$60+$C$61*A69)*$H$33)/D69 -> 0.036081272
A70: 5 | B70: Tuesday | C70: 10:30am-11:30am | D70: 14 | E70: S1 | F70: =$H$30 -> 0.68146926 | G70: =$C$60+$C$61*A70 -> 28 | H70: =ROUND(G70*F70,1) -> 19.1 | I70: =ABS(D70-H70) -> 5.1 | J70: =ABS(D70-($C$60+$C$61*A70)*$H$30)/D70 -> 0.36293852
A71: 6 | B71: Tuesday | C71: 11:30am-12:30pm | D71: 49 | E71: S2 | F71: =$H$31 -> 1.7715801 | G71: =$C$60+$C$61*A71 -> 28.8 | H71: =ROUND(G71*F71,1) -> 51 | I71: =ABS(D71-H71) -> 2 | J71: =ABS(D71-($C$60+$C$61*A71)*$H$31)/D71 -> 0.041255219
A72: 7 | B72: Tuesday | C72: 12:30pm-1:30pm | D72: 38 | E72: S3 | F72: =$H$32 -> 1.3343215 | G72: =$C$60+$C$61*A72 -> 29.6 | H72: =ROUND(G72*F72,1) -> 39.5 | I72: =ABS(D72-H72) -> 1.5 | J72: =ABS(D72-($C$60+$C$61*A72)*$H$32)/D72 -> 0.039366258
A73: 8 | B73: Tuesday | C73: 1:30pm-2:30pm | D73: 5 | E73: S4 | F73: =$H$33 -> 0.21262913 | G73: =$C$60+$C$61*A73 -> 30.4 | H73: =ROUND(G73*F73,1) -> 6.5 | I73: =ABS(D73-H73) -> 1.5 | J73: =ABS(D73-($C$60+$C$61*A73)*$H$33)/D73 -> 0.29278512
A74: 9 | B74: Wednesday | C74: 10:30am-11:30am | D74: 22 | E74: S1 | F74: =$H$30 -> 0.68146926 | G74: =$C$60+$C$61*A74 -> 31.2 | H74: =ROUND(G74*F74,1) -> 21.3 | I74: =ABS(D74-H74) -> 0.7 | J74: =ABS(D74-($C$60+$C$61*A74)*$H$30)/D74 -> 0.033552684
A75: 10 | B75: Wednesday | C75: 11:30am-12:30pm | D75: 65 | E75: S2 | F75: =$H$31 -> 1.7715801 | G75: =$C$60+$C$61*A75 -> 32 | H75: =ROUND(G75*F75,1) -> 56.7 | I75: =ABS(D75-H75) -> 8.3 | J75: =ABS(D75-($C$60+$C$61*A75)*$H$31)/D75 -> 0.12783751
A76: 11 | B76: Wednesday | C76: 12:30pm-1:30pm | D76: 35 | E76: S3 | F76: =$H$32 -> 1.3343215 | G76: =$C$60+$C$61*A76 -> 32.8 | H76: =ROUND(G76*F76,1) -> 43.8 | I76: =ABS(D76-H76) -> 8.8 | J76: =ABS(D76-($C$60+$C$61*A76)*$H$32)/D76 -> 0.25044991
A77: 12 | B77: Wednesday | C77: 1:30pm-2:30pm | D77: 7 | E77: S4 | F77: =$H$33 -> 0.21262913 | G77: =$C$60+$C$61*A77 -> 33.6 | H77: =ROUND(G77*F77,1) -> 7.1 | I77: =ABS(D77-H77) -> 0.1 | J77: =ABS(D77-($C$60+$C$61*A77)*$H$33)/D77 -> 0.02061983
A78: 13 | B78: Thursday | C78: 10:30am-11:30am | D78: 27 | E78: S1 | F78: =$H$30 -> 0.68146926 | G78: =$C$60+$C$61*A78 -> 34.4 | H78: =ROUND(G78*F78,1) -> 23.4 | I78: =ABS(D78-H78) -> 3.6 | J78: =ABS(D78-($C$60+$C$61*A78)*$H$30)/D78 -> 0.13175768
A79: 14 | B79: Thursday | C79: 11:30am-12:30pm | D79: 51 | E79: S2 | F79: =$H$31 -> 1.7715801 | G79: =$C$60+$C$61*A79 -> 35.2 | H79: =ROUND(G79*F79,1) -> 62.4 | I79: =ABS(D79-H79) -> 11.4 | J79: =ABS(D79-($C$60+$C$61*A79)*$H$31)/D79 -> 0.22273761
A80: 15 | B80: Thursday | C80: 12:30pm-1:30pm | D80: 61 | E80: S3 | F80: =$H$32 -> 1.3343215 | G80: =$C$60+$C$61*A80 -> 36 | H80: =ROUND(G80*F80,1) -> 48 | I80: =ABS(D80-H80) -> 13 | J80: =ABS(D80-($C$60+$C$61*A80)*$H$32)/D80 -> 0.21253155
A81: 16 | B81: Thursday | C81: 1:30pm-2:30pm | D81: 9 | E81: S4 | F81: =$H$33 -> 0.21262913 | G81: =$C$60+$C$61*A81 -> 36.8 | H81: =ROUND(G81*F81,1) -> 7.8 | I81: =ABS(D81-H81) -> 1.2 | J81: =ABS(D81-($C$60+$C$61*A81)*$H$33)/D81 -> 0.13058311
A82: 17 | B82: Friday | C82: 10:30am-11:30am | D82: 24 | E82: S1 | F82: =$H$30 -> 0.68146926 | G82: =$C$60+$C$61*A82 -> 37.6 | H82: =ROUND(G82*F82,1) -> 25.6 | I82: =ABS(D82-H82) -> 1.6 | J82: =ABS(D82-($C$60+$C$61*A82)*$H$30)/D82 -> 0.067635176
A83: 18 | B83: Friday | C83: 11:30am-12:30pm | D83: 60 | E83: S2 | F83: =$H$31 -> 1.7715801 | G83: =$C$60+$C$61*A83 -> 38.4 | H83: =ROUND(G83*F83,1) -> 68 | I83: =ABS(D83-H83) -> 8 | J83: =ABS(D83-($C$60+$C$61*A83)*$H$31)/D83 -> 0.13381124
A84: 19 | B84: Friday | C84: 12:30pm-1:30pm | D84: 48 | E84: S3 | F84: =$H$32 -> 1.3343215 | G84: =$C$60+$C$61*A84 -> 39.2 | H84: =ROUND(G84*F84,1) -> 52.3 | I84: =ABS(D84-H84) -> 4.3 | J84: =ABS(D84-($C$60+$C$61*A84)*$H$32)/D84 -> 0.08969593
A85: 20 | B85: Friday | C85: 1:30pm-2:30pm | D85: 9 | E85: S4 | F85: =$H$33 -> 0.21262913 | G85: =$C$60+$C$61*A85 -> 40 | H85: =ROUND(G85*F85,1) -> 8.5 | I85: =ABS(D85-H85) -> 0.5 | J85: =ABS(D85-($C$60+$C$61*A85)*$H$33)/D85 -> 0.054981639
A86: MAPE | H86: =ROUND(AVERAGE(J66:J85)*100,2) -> 14.02 | I86: %
A88: Step 6 — Wednesday Week 2 Forecasts (t=29 to 32)
A89: t | B89: Day | C89: Time Period | D89: Season | E89: SI | F89: Trend T(t) | G89: Forecast (T·SI)
A90: 29 | B90: Wednesday | C90: 10:30am-11:30am | D90: S1 | E90: =$H$30 -> 0.68146926 | F90: =$C$60+$C$61*A90 -> 47.2 | G90: =ROUND(F90*E90,1) -> 32.2
A91: 30 | B91: Wednesday | C91: 11:30am-12:30pm | D91: S2 | E91: =$H$31 -> 1.7715801 | F91: =$C$60+$C$61*A91 -> 48 | G91: =ROUND(F91*E91,1) -> 85
A92: 31 | B92: Wednesday | C92: 12:30pm-1:30pm | D92: S3 | E92: =$H$32 -> 1.3343215 | F92: =$C$60+$C$61*A92 -> 48.8 | G92: =ROUND(F92*E92,1) -> 65.1
A93: 32 | B93: Wednesday | C93: 1:30pm-2:30pm | D93: S4 | E93: =$H$33 -> 0.21262913 | F93: =$C$60+$C$61*A93 -> 49.6 | G93: =ROUND(F93*E93,1) -> 10.5

Sheet Summary & Comparison ANS 2
A1: Sal's Sandwiches — Model Comparison Summary
A3: Regression Model
A4: Equation | B4: ŷ = 1.5 + 0.5·X₁ + 14.4·X₂ + 52.6·X₃ + 36.7·X₄
A5: b₀ (Intercept) | B5: ='Regression Model'!B5 -> 1.5
A6: b₁ (Trend) | B6: ='Regression Model'!B6 -> 0.5
A7: b₂ (Season 1: 10:30–11:30) | B7: ='Regression Model'!B7 -> 14.4
A8: b₃ (Season 2: 11:30–12:30) | B8: ='Regression Model'!B8 -> 52.6
A9: b₄ (Season 3: 12:30–1:30) | B9: ='Regression Model'!B9 -> 36.7
A10: MAPE | B10: ='Regression Model'!H35 -> 15.56
A13: Decomposition Model
A14: SI — 10:30–11:30am | B14: ='Decomposition Mode l SAL ANS 2'!H30 -> 0.68146926
A15: SI — 11:30am–12:30pm | B15: ='Decomposition Mode l SAL ANS 2'!H31 -> 1.7715801
A16: SI — 12:30–1:30pm | B16: ='Decomposition Mode l SAL ANS 2'!H32 -> 1.3343215
A17: SI — 1:30–2:30pm | B17: ='Decomposition Mode l SAL ANS 2'!H33 -> 0.21262913
A18: Trend Intercept | B18: ='Decomposition Mode l SAL ANS 2'!C60 -> 24
A19: Trend Slope | B19: ='Decomposition Mode l SAL ANS 2'!C61 -> 0.8
A20: MAPE | B20: ='Decomposition Mode l SAL ANS 2'!H86 -> 14.02
A23: Conclusion
A24: Better Model (lower MAPE): | B24: =IF(B10<B20,"Regression Model is better (lower MAPE)","Decomposition Model is better (lower MAPE)") -> Decomposition Model is better (lower MAPE)

Sheet Part A - Perceptron  ANS 3 
A1: Part A — Perceptron Algorithm (First 3 Updates)
A2: Update Rule: if y·(θ₁x₁ + θ₂x₂ + θ₀) ≤ 0 → θ = θ + y·[x₁, x₂, 1] | All values rounded to 4 decimal places
A3: Row | B3: x₁ | C3: x₂ | D3: y | E3: y(θ₁x₁ + θ₂x₂ + θ₀) | F3: θ₁ | G3: θ₂ | H3: θ₀
A4: Initialization | F4: 0 | G4: 0 | H4: 0
A5: Update 1 | B5: 10 | C5: 6 | D5: 1 | E5: =D5*(F4*B5+G4*C5+H4) -> 0 | F5: =ROUND(IF(E5<=0, F4+D5*B5, F4), 4) -> 10 | G5: =ROUND(IF(E5<=0, G4+D5*C5, G4), 4) -> 6 | H5: =ROUND(IF(E5<=0, H4+D5, H4), 4) -> 1
A6: Update 2 | B6: 8 | C6: 4 | D6: 1 | E6: =D6*(F5*B6+G5*C6+H5) -> 105 | F6: =ROUND(IF(E6<=0, F5+D6*B6, F5), 4) -> 10 | G6: =ROUND(IF(E6<=0, G5+D6*C6, G5), 4) -> 6 | H6: =ROUND(IF(E6<=0, H5+D6, H5), 4) -> 1
A7: Update 3 | B7: 7 | C7: 8 | D7: -1 | E7: =D7*(F6*B7+G6*C7+H6) -> -119 | F7: =ROUND(IF(E7<=0, F6+D7*B7, F6), 4) -> 3 | G7: =ROUND(IF(E7<=0, G6+D7*C7, G6), 4) -> -2 | H7: =ROUND(IF(E7<=0, H6+D7, H6), 4) -> 0

Sheet Part B - Training Error
A1: Part B — Training Error | Decision Boundary: 17x₁ − 24x₂ − 19 = 0
A2: Point | B2: x₁ | C2: x₂ | D2: y | E2: Score = 17x₁−24x₂−19 | F2: Prediction | G2: Correct?
A3: (10, 6, 1) | B3: 10 | C3: 6 | D3: 1 | E3: =17*B3-24*C3-19 -> 7 | F3: =IF(E3>0,1,-1) -> 1 | G3: =IF(F3=D3,"✓ Correct","✗ Wrong") -> ✓ Correct
A4: (8, 4, 1) | B4: 8 | C4: 4 | D4: 1 | E4: =17*B4-24*C4-19 -> 21 | F4: =IF(E4>0,1,-1) -> 1 | G4: =IF(F4=D4,"✓ Correct","✗ Wrong") -> ✓ Correct
A5: (7, 8, -1) | B5: 7 | C5: 8 | D5: -1 | E5: =17*B5-24*C5-19 -> -92 | F5: =IF(E5>0,1,-1) -> -1 | G5: =IF(F5=D5,"✓ Correct","✗ Wrong") -> ✓ Correct
A6: (7, 5, -1) | B6: 7 | C6: 5 | D6: -1 | E6: =17*B6-24*C6-19 -> -20 | F6: =IF(E6>0,1,-1) -> -1 | G6: =IF(F6=D6,"✓ Correct","✗ Wrong") -> ✓ Correct
A7: (4, 1, -1) | B7: 4 | C7: 1 | D7: -1 | E7: =17*B7-24*C7-19 -> 25 | F7: =IF(E7>0,1,-1) -> 1 | G7: =IF(F7=D7,"✓ Correct","✗ Wrong") -> ✗ Wrong
A8: (7, 2, 1) | B8: 7 | C8: 2 | D8: 1 | E8: =17*B8-24*C8-19 -> 52 | F8: =IF(E8>0,1,-1) -> 1 | G8: =IF(F8=D8,"✓ Correct","✗ Wrong") -> ✓ Correct
A9: Training Error Eₙ(h) = | E9: =ROUND(COUNTIF(G3:G8,"✗ Wrong")/6, 4) -> 0.1667 | F9: ← Final Answer

Sheet Part C - SGD
A1: Part C — SGD Updates | λ=1, η=1/(1+t), t starts at 0
A2: If y·score < 1: θ_new = θ_old·(1−η) + η·y·x | Else: θ_new = θ_old·(1−η) | Do NOT round η
A3: Row | B3: x₁ | C3: x₂ | D3: y | E3: t | F3: η = 1/(1+t) | G3: y·(θ₁x₁+θ₂x₂+θ₀) | H3: θ₁ | I3: θ₂ | J3: θ₀
A4: Initialization | G4: — | H4: 0 | I4: 0 | J4: 0
A5: Update 1 | B5: 7 | C5: 8 | D5: -1 | E5: 0 | F5: =1/(1+E5) -> 1 | G5: =D5*(H4*B5+I4*C5+J4) -> 0 | H5: =ROUND(IF(G5<1, H4*(1-F5)+F5*D5*B5, H4*(1-F5)), 4) -> -7 | I5: =ROUND(IF(G5<1, I4*(1-F5)+F5*D5*C5, I4*(1-F5)), 4) -> -8 | J5: =ROUND(IF(G5<1, J4*(1-F5)+F5*D5*1, J4*(1-F5)), 4) -> -1
A6: Update 2 | B6: 7 | C6: 8 | D6: -1 | E6: 1 | F6: =1/(1+E6) -> 0.5 | G6: =D6*(H5*B6+I5*C6+J5) -> 114 | H6: =ROUND(IF(G6<1, H5*(1-F6)+F6*D6*B6, H5*(1-F6)), 4) -> -3.5 | I6: =ROUND(IF(G6<1, I5*(1-F6)+F6*D6*C6, I5*(1-F6)), 4) -> -4 | J6: =ROUND(IF(G6<1, J5*(1-F6)+F6*D6*1, J5*(1-F6)), 4) -> -0.5
A7: Update 3 | B7: 10 | C7: 6 | D7: 1 | E7: 2 | F7: =1/(1+E7) -> 0.33333333 | G7: =D7*(H6*B7+I6*C7+J6) -> -59.5 | H7: =ROUND(IF(G7<1, H6*(1-F7)+F7*D7*B7, H6*(1-F7)), 4) -> 1 | I7: =ROUND(IF(G7<1, I6*(1-F7)+F7*D7*C7, I6*(1-F7)), 4) -> -0.6667 | J7: =ROUND(IF(G7<1, J6*(1-F7)+F7*D7*1, J6*(1-F7)), 4) -> 0

Sheet Part D - Objective Function
A1: Part D — SGD Objective Function | θ₁=0.3607, θ₂=−0.1803, θ₀=−0.4772, λ=1
A2: θ₁ | B2: 0.3607 | C2: θ₂ | D2: -0.1803 | E2: θ₀ | F2: -0.4772 | G2: λ | H2: 1
A3: Point | B3: x₁ | C3: x₂ | D3: y | E3: Score θ·x | F3: y·Score (margin) | G3: Hinge Loss max(0,1−margin)
A4: (10,6,1) | B4: 10 | C4: 6 | D4: 1 | E4: =$B$2*B4+$D$2*C4+$F$2 -> 2.048 | F4: =D4*E4 -> 2.048 | G4: =MAX(0,1-F4) -> 0
A5: (8,4,1) | B5: 8 | C5: 4 | D5: 1 | E5: =$B$2*B5+$D$2*C5+$F$2 -> 1.6872 | F5: =D5*E5 -> 1.6872 | G5: =MAX(0,1-F5) -> 0
A6: (7,8,-1) | B6: 7 | C6: 8 | D6: -1 | E6: =$B$2*B6+$D$2*C6+$F$2 -> 0.6053 | F6: =D6*E6 -> -0.6053 | G6: =MAX(0,1-F6) -> 1.6053
A7: (7,5,-1) | B7: 7 | C7: 5 | D7: -1 | E7: =$B$2*B7+$D$2*C7+$F$2 -> 1.1462 | F7: =D7*E7 -> -1.1462 | G7: =MAX(0,1-F7) -> 2.1462
A8: (4,1,-1) | B8: 4 | C8: 1 | D8: -1 | E8: =$B$2*B8+$D$2*C8+$F$2 -> 0.7853 | F8: =D8*E8 -> -0.7853 | G8: =MAX(0,1-F8) -> 1.7853
A9: (7,2,1) | B9: 7 | C9: 2 | D9: 1 | E9: =$B$2*B9+$D$2*C9+$F$2 -> 1.6871 | F9: =D9*E9 -> 1.6871 | G9: =MAX(0,1-F9) -> 0
A10: i. Average Hinge Loss = (1/n)·Σ Loss_h | G10: =ROUND(SUM(G4:G9)/6, 4) -> 0.9228
A11: ii. Regularization = (λ/2)·(θ₁² + θ₂²) [bias θ₀ NOT regularized] | G11: =ROUND($H$2/2*($B$2^2+$D$2^2), 4) -> 0.0813
A12: iii. J(θ₁,θ₂,θ₀) = Loss Term + Regularization Term | G12: =ROUND(G10+G11, 4) -> 1.0041
